"word","freq"
"thorragnarok",195
"thor",103
"best",103
"one",102
"find",95
"boy",94
"home",94
"consideration",93
"bad",92
"colorado",91
"tour",91
"marvels",85
"onthirdfilm",84
"teamthorragnarok",84
"voted",84
"get",83
"tickets",79
"ragnarok",77
"movie",74
"see",64
"marvel",58
"watch",48
"helaween",41
"loki",40
"box",39
"time",38
"office",38
"comic",35
"little",34
"book",34
"happy",34
"third",34
"becomes",33
"biggest",33
"domestic",33
"passesmillion",32
"happyhalloween",31
"ofht",31
"like",27
"excellent",27
"combining",26
"theaters",25
"ceratopsianmedusaceratops",25
"lokii",25
"phylogenetics",25
"reevaluation",25
"research",25
"dmod",24
"looks",23
"main",21
"think",20
"event",20
"finally",20
"love",19
"look",19
"favorite",18
"trailer",18
"korg",18
"studios",17
"hela",17
"mjolnir",16
"right",16
"will",15
"last",15
"great",15
"art",15
"brandnew",14
"debuted",14
"hall",14
"sdcc",14
"ampanimated",14
"face",14
"misc",14
"short",14
"sibling",14
"sparring",14
"taika",14
"film",14
"need",14
"youre",14
"make",12
"movies",12
"know",12
"new",12
"concept",12
"thisragnarok",12
"threatening",12
"waititis",12
"awesome",11
"want",11
"hulk",11
"big",11
"send",10
"please",10
"ive",10
"never",9
"good",9
"year",9
"still",9
"tonight",9
"nice",9
"talk",9
"stands",9
"total",9
"really",9
"arrived",9
"designed",9
"myandragnarok",9
"pins",9
"reading",9
"watched",8
"fun",8
"well",8
"funny",8
"come",8
"character",8
"adventureget",8
"done",8
"watching",8
"amazing",8
"take",8
"amp",8
"cant",8
"wait",8
"whos",8
"grossed",8
"power",8
"special",8
"brothers",8
"weekendget",7
"wanted",7
"seen",7
"review",7
"way",7
"november",7
"dont",7
"lucky",7
"moment",7
"thorragnaroksee",7
"thorragnarokboxoffice",7
"true",7
"date",7
"days",7
"god",6
"sure",6
"loved",6
"better",6
"made",6
"chris",6
"lokiodinson",6
"saw",6
"song",6
"comics",6
"hammer",6
"day",5
"call",5
"long",5
"wish",5
"music",5
"kevin",5
"thats",5
"definitely",5
"hemsworth",5
"lokilaufeyson",5
"cast",5
"super",5
"late",5
"immigrant",5
"dude",5
"perfect",5
"playing",5
"back",5
"hilarious",5
"stop",5
"using",5
"finished",4
"theater",4
"mark",4
"films",4
"exclusive",4
"funko",4
"screener",4
"damn",4
"bill",4
"fromamp",4
"haveballadofleftybrowns",4
"pullman",4
"wwe",4
"scene",4
"smith",4
"man",4
"far",4
"copy",4
"something",4
"award",4
"sawragnarok",4
"expectations",4
"behind",4
"dvd",4
"old",4
"waiting",4
"coming",4
"may",4
"wonder",4
"always",4
"maybe",4
"looking",4
"night",4
"liked",4
"click",4
"estimated",4
"ready",4
"thorsdaywhat",4
"themovie",4
"first",4
"worthy",4
"woman",4
"mischief",4
"withthorragnarok",4
"avengers",4
"team",4
"action",4
"let",4
"two",4
"herepodcastmafia",4
"timereview",4
"captioning",4
"coffee",4
"studio",4
"thanking",4
"withand",4
"battle",4
"many",4
"watchedand",4
"work",3
"loga",3
"jealous",3
"wont",3
"yet",3
"pretty",3
"star",3
"ass",3
"live",3
"black",3
"early",3
"teaser",3
"play",3
"heart",3
"joke",3
"vote",3
"role",3
"week",3
"house",3
"bluray",3
"comedy",3
"knew",3
"feel",3
"son",3
"must",3
"borrow",3
"hey",3
"kev",3
"help",3
"didnt",3
"actoris",3
"encapsulatelatest",3
"example",3
"fragrance",3
"masculinity",3
"world",3
"story",3
"weekendday",3
"happythanksgiving",3
"carvinght",3
"pumpkin",3
"spirit",3
"thorragnarokinspired",3
"watchandget",3
"theres",3
"beautiful",3
"yeah",3
"video",3
"thorsday",3
"officialsong",3
"people",3
"yes",3
"fav",3
"probably",3
"different",3
"yesterday",3
"times",3
"chance",3
"thing",3
"poder",3
"calling",3
"free",3
"theirtakeover",3
"reviewed",3
"cute",3
"miek",3
"returni",3
"toy",3
"congratulations",3
"pop",3
"thanks",3
"post",3
"making",3
"broke",3
"meet",3
"revengers",3
"blindboxes",3
"channel",3
"ourepisode",3
"subscribe",3
"toyquest",3
"youtube",3
"poster",3
"thank",3
"weekend",3
"second",3
"aif",3
"theuniverse",3
"feels",2
"screening",2
"thors",2
"thursday",2
"grandmaster",2
"even",2
"going",2
"hell",2
"havent",2
"clip",2
"sale",2
"cool",2
"wow",2
"show",2
"say",2
"soundtrack",2
"ultra",2
"mail",2
"screeners",2
"amelia",2
"disappointed",2
"expectwill",2
"soon",2
"version",2
"thelastjedi",2
"head",2
"mcu",2
"able",2
"use",2
"accidentally",2
"whilst",2
"thunder",2
"gotta",2
"tomhiddleston",2
"shit",2
"waititi",2
"bay",2
"pirate",2
"seeing",2
"guy",2
"near",2
"hot",2
"nominated",2
"badass",2
"next",2
"xmas",2
"heres",2
"hollywood",2
"thought",2
"absolute",2
"blast",2
"sending",2
"woot",2
"mine",2
"today",2
"sent",2
"things",2
"enough",2
"everyone",2
"tusk",2
"already",2
"hahaha",2
"list",2
"lol",2
"since",2
"notice",2
"gifts",2
"jedi",2
"went",2
"hmu",2
"remember",2
"series",2
"sweet",2
"fucking",2
"flick",2
"write",2
"guys",2
"justice",2
"league",2
"recomendaron",2
"lets",2
"stark",2
"bring",2
"figure",2
"gather",2
"round",2
"theposter",2
"tag",2
"ticketsh",2
"worldget",2
"another",2
"wanna",2
"genuinely",2
"save",2
"villain",2
"checked",2
"every",2
"onpod",2
"fridayday",2
"moments",2
"small",2
"throne",2
"applesnow",2
"candy",2
"recipe",2
"thevalkyrie",2
"awkwardoff",2
"byfor",2
"getting",2
"owned",2
"piece",2
"deal",2
"kept",2
"ourragnarok",2
"assemble",2
"kinglokithorragnarok",2
"wrong",2
"woah",2
"hour",2
"watchedragnarok",2
"enjoyed",2
"card",2
"life",2
"omg",2
"step",2
"three",2
"glad",2
"birthday",2
"allfanscheck",2
"latestadventures",2
"onfor",2
"set",2
"omfg",2
"pissed",2
"wheres",2
"death",2
"party",2
"spiders",2
"change",2
"epic",2
"funniestfilm",2
"edition",2
"nendoroid",2
"news",2
"blanchett",2
"cate",2
"tofor",2
"fresh",2
"rotten",2
"tomatoes",2
"eye",2
"hair",2
"entertaining",2
"grossing",2
"highest",2
"diycreations",2
"hashtag",2
"inspired",2
"obviamente",2
"around",2
"full",2
"gave",2
"goldblumpodcastmafia",2
"yesragnarok",2
"unexpected",2
"acting",2
"deserved",2
"shot",2
"tells",2
"ofragnarok",2
"epreviewsragnarokpodcastmafia",2
"podernfamily",2
"toyques",2
"nervouscant",2
"impressive",2
"reavengers",2
"valkirie",2
"hotthorragnarok",2
"marvelhela",2
"afternoon",2
"colors",2
"excelent",2
"xmen",2
"away",2
"superhero",2
"credits",2
"cinema",2
"minutes",2
"jeffgoldblum",2
"ways",2
"hard",2
"feeling",2
"dog",2
"taking",2
"girlfriend",2
"hear",2
"showing",2
"without",2
"spot",2
"overmillion",2
"onragnarok",2
"soldier",2
"winter",2
"forward",2
"aragnarok",2
"freddie",2
"highmore",2
"knock",2
"sout",2
"winner",1
"depre",1
"sad",1
"thorragnarokpremiere",1
"thorshammer",1
"thundernstorm",1
"thursdaythoughts",1
"allen",1
"starsays",1
"woody",1
"writerdirector",1
"catchragnaroks",1
"composer",1
"mothersbaughon",1
"tonights",1
"insidejob",1
"intertubes",1
"pirated",1
"grandmasternycc",1
"hottopic",1
"somebody",1
"wowi",1
"opinionragnarok",1
"cameo",1
"mattdamonlokilol",1
"maybeever",1
"thinking",1
"timegethelp",1
"gift",1
"welcome",1
"helpcheck",1
"thorragnaroktickets",1
"postcredit",1
"udthis",1
"wanges",1
"justiceleaguemoviesorry",1
"subjective",1
"taste",1
"seriously",1
"atmos",1
"interested",1
"quality",1
"pre",1
"release",1
"someone",1
"disk",1
"hoping",1
"laser",1
"voting",1
"years",1
"wars",1
"alpaca",1
"fallen",1
"sorry",1
"thesuperhero",1
"thorthe",1
"blurays",1
"dvdsis",1
"prerelease",1
"releas",1
"geeeet",1
"americanscene",1
"beinclusive",1
"diversity",1
"progress",1
"beard",1
"brown",1
"disneys",1
"pathetic",1
"shade",1
"personally",1
"hopefully",1
"itll",1
"sites",1
"torrent",1
"phone",1
"streaming",1
"fcking",1
"lightening",1
"summary",1
"veins",1
"panther",1
"cure",1
"hangover",1
"nightthorragnarok",1
"internet",1
"troll",1
"anymoreloki",1
"frigga",1
"thort",1
"helabeforeandaftervisiting",1
"lokithor",1
"salone",1
"wowesome",1
"director",1
"ittimes",1
"selfseen",1
"blurred",1
"hurry",1
"name",1
"nobodys",1
"rest",1
"basically",1
"bias",1
"isnt",1
"wrote",1
"dvdscr",1
"hope",1
"james",1
"ofto",1
"perform",1
"rendition",1
"aaaaaaandstraight",1
"acknowledging",1
"credentials",1
"hero",1
"mega",1
"nxt",1
"ruby",1
"cock",1
"asgard",1
"cracks",1
"explodes",1
"heard",1
"bit",1
"case",1
"fmobm",1
"month",1
"though",1
"tlj",1
"gets",1
"serious",1
"deltoids",1
"fan",1
"ofarms",1
"particular",1
"avenger",1
"brucebanner",1
"watchedragnorak",1
"exceeded",1
"lands",1
"major",1
"nextmovie",1
"crush",1
"kylo",1
"ren",1
"sorrynotsorry",1
"giving",1
"kid",1
"logic",1
"motu",1
"understand",1
"darnit",1
"threebillboards",1
"uhd",1
"commentary",1
"copies",1
"etc",1
"extra",1
"include",1
"scenes",1
"stuffbehind",1
"burn",1
"showingmy",1
"awesomebestmarvelmovieyet",1
"sawyup",1
"tad",1
"justiceleague",1
"ragnarokz",1
"crappy",1
"accent",1
"american",1
"benedict",1
"cumberbatch",1
"fake",1
"album",1
"idappreciate",1
"place",1
"exactly",1
"advanced",1
"proves",1
"worst",1
"gots",1
"heimdalland",1
"ones",1
"pops",1
"kodi",1
"stream",1
"mothersbaugh",1
"sound",1
"themes",1
"track",1
"wagnerian",1
"cosplay",1
"valkyrie",1
"dga",1
"yooooo",1
"ayear",1
"discard",1
"ill",1
"promise",1
"properly",1
"sir",1
"bugger",1
"dirty",1
"happen",1
"adequate",1
"twice",1
"certainly",1
"horrible",1
"lovely",1
"perks",1
"bashed",1
"oscars",1
"ceremonies",1
"nomsvotes",1
"respective",1
"reveal",1
"wondered",1
"brain",1
"came",1
"explodedamazing",1
"whenever",1
"randomly",1
"acceptance",1
"awards",1
"part",1
"speech",1
"wins",1
"allowed",1
"screenings",1
"throw",1
"whaaaaaaaat",1
"bitch",1
"academys",1
"distribution",1
"bastard",1
"needafix",1
"excited",1
"jelly",1
"mind",1
"fast",1
"likes",1
"receives",1
"rising",1
"stock",1
"pitcherchris",1
"mouth",1
"answered",1
"men",1
"questions",1
"towards",1
"bounds",1
"jealousy",1
"knows",1
"shut",1
"friends",1
"phenomenal",1
"quote",1
"pal",1
"might",1
"judging",1
"likeor",1
"partof",1
"bro",1
"upload",1
"feb",1
"mfi",1
"til",1
"moviedirectorscreenplay",1
"means",1
"online",1
"shortly",1
"hdr",1
"uhdi",1
"arent",1
"categories",1
"recallbeing",1
"supposed",1
"fucker",1
"hammertime",1
"idea",1
"ofu",1
"refix",1
"touch",1
"withas",1
"circulation",1
"neitherorhaveready",1
"sort",1
"thefilms",1
"agreed",1
"believeragnarok",1
"imagination",1
"pure",1
"wonderful",1
"futuristic",1
"horses",1
"ride",1
"iwanttobeavalkyrie",1
"sawand",1
"numb",1
"tho",1
"topare",1
"goes",1
"paradoscars",1
"bet",1
"choices",1
"ladybird",1
"seeoragain",1
"imma",1
"sag",1
"turn",1
"dayncg",1
"gobackbackback",1
"sunday",1
"doesnt",1
"keepingupwiththekardashians",1
"onandmentioned",1
"girlwas",1
"litty",1
"mead",1
"nightwas",1
"tower",1
"trippin",1
"falling",1
"floor",1
"haha",1
"tsum",1
"tsums",1
"alll",1
"end",1
"surturs",1
"nowget",1
"attire",1
"becoming",1
"celebrity",1
"crushesseriously",1
"dig",1
"outfit",1
"quickly",1
"act",1
"seenragnarok",1
"againloki",1
"ermm",1
"infinitywarbut",1
"aneurysm",1
"bevan",1
"erso",1
"idabruce",1
"idampan",1
"idatell",1
"monkey",1
"noreasonattack",1
"organ",1
"rdj",1
"ven",1
"mom",1
"proud",1
"beaut",1
"rocks",1
"actually",1
"uncle",1
"annihilates",1
"forvalkyri",1
"roles",1
"ship",1
"female",1
"magic",1
"thishappened",1
"tweeted",1
"twitter",1
"wonderwomanspidermanhomecoming",1
"tmobiletuesday",1
"withthanksfor",1
"game",1
"passedfolks",1
"playi",1
"started",1
"eta",1
"figures",1
"theragnarok",1
"amazingit",1
"expectation",1
"living",1
"surpassed",1
"happyfunko",1
"soooo",1
"countrytribe",1
"nole",1
"betty",1
"cooperriverdale",1
"fromandas",1
"haul",1
"mypop",1
"feelingthorragnarok",1
"itmy",1
"ragnarokhere",1
"reviewthorragnarok",1
"didi",1
"didon",1
"netflix",1
"break",1
"crappily",1
"eyyyy",1
"sketched",1
"animatic",1
"cheers",1
"hes",1
"destiny",1
"dire",1
"friend",1
"plans",1
"cause",1
"inweeksht",1
"decide",1
"moviesdo",1
"seeorill",1
"tryna",1
"dance",1
"kind",1
"theparty",1
"person",1
"houston",1
"indeed",1
"ipic",1
"assuming",1
"hours",1
"theprincesses",1
"woodburning",1
"breaks",1
"grandmother",1
"thro",1
"ragnarokuprising",1
"thursdayday",1
"subway",1
"wanting",1
"watchragnarok",1
"atfor",1
"attempt",1
"mad",1
"mixingampstyles",1
"lokipod",1
"appeared",1
"byi",1
"journey",1
"mysteryinhe",1
"played",1
"movierelaxtime",1
"relax",1
"gosh",1
"imy",1
"sometime",1
"supper",1
"together",1
"bummed",1
"playhopefully",1
"rights",1
"thatcouldnt",1
"forwhatdid",1
"lyingthorragnarok",1
"odin",1
"seeyesterday",1
"welcomestrongestavenger",1
"cantlokithorragnarok",1
"king",1
"lokithorragnarok",1
"crylokithorragnarok",1
"sons",1
"ahhh",1
"brother",1
"chose",1
"blackpanther",1
"fkn",1
"sick",1
"reader",1
"tin",1
"coke",1
"pours",1
"ahaha",1
"doand",1
"everything",1
"awkward",1
"left",1
"sat",1
"leave",1
"remind",1
"spent",1
"wasat",1
"watchingwhen",1
"filmslots",1
"ginsters",1
"lad",1
"pasty",1
"cateblanchettthorragnarok",1
"topmovies",1
"topfavorite",1
"changes",1
"chrishemsworth",1
"somethings",1
"thorthorki",1
"lastjedi",1
"line",1
"myfor",1
"watchingragnarok",1
"hands",1
"credit",1
"immediately",1
"note",1
"pin",1
"reactivate",1
"self",1
"bris",1
"mybody",1
"paint",1
"supanova",1
"row",1
"weeks",1
"clipthis",1
"ragnarokgrandmaster",1
"sweetie",1
"rightfamily",1
"lvccld",1
"amazeballs",1
"forget",1
"nuff",1
"ofgoldblums",1
"said",1
"wednesdayday",1
"unprecedentedthor",1
"lemme",1
"orders",1
"buying",1
"theyre",1
"lookhow",1
"mini",1
"mystery",1
"atstop",1
"erasure",1
"merch",1
"official",1
"unjust",1
"buysforbillion",1
"meansfantastic",1
"goddess",1
"dialogue",1
"dialoguehey",1
"forthorragnarok",1
"itd",1
"taikas",1
"imagined",1
"style",1
"yaaayyyy",1
"hate",1
"manybut",1
"mode",1
"peek",1
"sneak",1
"retu",1
"adorable",1
"awwww",1
"success",1
"featuring",1
"vibrantragnarokposter",1
"renew",1
"troubled",1
"wholesome",1
"crosscultural",1
"ice",1
"land",1
"midnight",1
"pollination",1
"snow",1
"springs",1
"sun",1
"obsessed",1
"officially",1
"moviegodofmischief",1
"needs",1
"thortomhiddleston",1
"xrb",1
"certified",1
"fuss",1
"byand",1
"bybut",1
"drinking",1
"kidnapped",1
"rescued",1
"allminuets",1
"awake",1
"catch",1
"minute",1
"mum",1
"seeits",1
"cut",1
"patch",1
"thoroughly",1
"carpet",1
"premiere",1
"red",1
"robinanews",1
"anybody",1
"depth",1
"else",1
"inhis",1
"lost",1
"perception",1
"christmas",1
"tuesdayday",1
"claws",1
"ifacquiresplease",1
"put",1
"won",1
"korgisbae",1
"order",1
"dcs",1
"globally",1
"ofgoes",1
"past",1
"fraction",1
"offer",1
"price",1
"seeandat",1
"vali",1
"photographer",1
"pictureswithsanta",1
"champion",1
"fortopsfor",1
"title",1
"apprxdays",1
"ragnarokcrore",1
"toptennettgrossersfromhollywoodinindia",1
"add",1
"aroundcrore",1
"collected",1
"nett",1
"released",1
"emerged",1
"finish",1
"grosser",1
"india",1
"ninth",1
"markruffalo",1
"moviehulk",1
"ruffalo",1
"delicious",1
"thescreening",1
"withsliders",1
"sawfor",1
"alpha",1
"dung",1
"fantasy",1
"females",1
"historic",1
"informatics",1
"male",1
"retrieved",1
"scrolls",1
"wtf",1
"hopeis",1
"itsto",1
"leading",1
"ofkidnapped",1
"rescue",1
"theological",1
"thoughts",1
"assassins",1
"charartor",1
"creed",1
"vids",1
"among",1
"fantastic",1
"unique",1
"due",1
"independent",1
"insanely",1
"seenbrand",1
"stuff",1
"watchingthorragnarok",1
"problem",1
"mondayday",1
"podernf",1
"seethorragnarok",1
"fromif",1
"thisreview",1
"give",1
"hip",1
"older",1
"quite",1
"thatauditioned",1
"kneelfor",1
"novemberhelaween",1
"queen",1
"mistleto",1
"die",1
"infinity",1
"survive",1
"war",1
"chrispine",1
"heypatrickstewart",1
"nomine",1
"suffered",1
"shared",1
"alum",1
"chi",1
"earinspiration",1
"omega",1
"shareyourears",1
"theininfinitywar",1
"heladays",1
"watchedmovie",1
"willbe",1
"five",1
"greetings",1
"seasons",1
"hookey",1
"nowyr",1
"opened",1
"sawan",1
"looove",1
"posting",1
"comicsdeserved",1
"heywhy",1
"nominations",1
"iheartkorg",1
"pointbreak",1
"bothampare",1
"pickingas",1
"pulling",1
"yearis",1
"bbbitcccchhfeels",1
"deads",1
"heretorontoweather",1
"likewants",1
"scaryrite",1
"body",1
"funniest",1
"fourth",1
"aftertargets",1
"ainch",1
"found",1
"funkopop",1
"blown",1
"fatigue",1
"hype",1
"vine",1
"faces",1
"familiar",1
"intix",1
"notorious",1
"stealer",1
"youll",1
"sawlast",1
"yoult",1
"inwhich",1
"inwoodtheatre",1
"nowplaying",1
"steal",1
"works",1
"filmsthorragnorak",1
"shirts",1
"food",1
"types",1
"scared",1
"cutting",1
"loose",1
"instead",1
"wife",1
"running",1
"wild",1
"youve",1
"holidayseason",1
"latestmoviechoctop",1
"aimage",1
"astory",1
"atand",1
"editing",1
"solo",1
"amazingi",1
"dreaming",1
"shes",1
"tell",1
"almightygrant",1
"beg",1
"godthings",1
"lord",1
"paradise",1
"savior",1
"thorragnarokget",1
"decided",1
"keep",1
"stay",1
"stomach",1
"scenesjust",1
"wouldnt",1
"youfor",1
"heroes",1
"keaton",1
"som",1
"totally",1
"avengersinfinitywar",1
"infinitystones",1
"soul",1
"stone",1
"thormarvel",1
"weve",1
"celebrating",1
"costume",1
"designer",1
"mayescrubeo",1
"thegreatwall",1
"withrecipientsand",1
"followed",1
"resultstakes",1
"top",1
"hollywooddecodedamp",1
"ktthearchdegree",1
"quantum",1
"ragnorak",1
"target",1
"unboxing",1
"vinyl",1
"anyone",1
"boxoffice",1
"falls",1
"hits",1
"realizes",1
"thathasof",1
"sprinkled",1
"pockets",1
"throughout",1
"toothorragnarok",1
"iscertified",1
"cou",1
"inragnarok",1
"international",1
"mademillion",1
"opening",1
"six",1
"domestically",1
"thorragnorak",1
"worldwide",1
"normal",1
"word",1
"course",1
"lokiof",1
"believe",1
"fall",1
"paper",1
"telling",1
"akaat",1
"cinemas",1
"regal",1
"square",1
"union",1
"youwatching",1
"redpect",1
"references",1
"thorragnarokthe",1
"butt",1
"cheeks",1
"green",1
"honor",1
"hulks",1
"enter",1
"theatre",1
"till",1
"todayits",1
"behindthescenes",1
"thorragnarokthorsday",1
"encanta",1
"myimmigrant",1
"wowme",1
"four",1
"thrilling",1
"thunderous",1
"watchingis",1
"passed",1
"hdh",1
"speedart",1
"ask",1
"meh",1
"rode",1
"thatwave",1
"potentialwiththor",1
"tweetteases",1
"doctor",1
"gaurdians",1
"passing",1
"seentimes",1
"strange",1
"global",1
"thorragnaroksurpasses",1
"wonderwomanat",1
"ban",1
"beach",1
"byronbay",1
"effectively",1
"gifted",1
"nearby",1
"parking",1
"ironycuts",1
"supreme",1
"gooooooood",1
"flashgordon",1
"flicks",1
"homage",1
"oftonight",1
"sotook",1
"spure",1
"handing",1
"pamphlets",1
"revolution",1
"lovedjust",1
"comedic",1
"sawtoday",1
"seein",1
"builders",1
"culture",1
"giftideasbest",1
"holiday",1
"ideas",1
"willintroduce",1
"ragnarokrtthorragnarok",1
"thorki",1
"bts",1
"stopping",1
"also",1
"obviously",1
"odd",1
"excellentinterview",1
"noah",1
"supe",1
"vfx",1
"vice",1
"withcg",1
"animal",1
"fromwas",1
"boobthorragnarok",1
"chilling",1
"enjoy",1
"ofbasically",1
"pic",1
"become",1
"crossmillion",1
"crazies",1
"oddly",1
"overtook",1
"thatragnarok",1
"counting",1
"indayshours",1
"orminutesbut",1
"deari",1
"mjlnir",1
"paperweightthorragnaro",1
"guess",1
"inbut",1
"thoughtwas",1
"felt",1
"thanragnarok",1
"thinkwas",1
"thorwas",1
"noa",1
"win",1
"choice",1
"viewing",1
"homeco",1
"topfavoritemovies",1
"answer",1
"delete",1
"gag",1
"interviews",1
"lot",1
"press",1
"real",1
"sence",1
"spots",1
"thetrailer",1
"befores",1
"famous",1
"lifts",1
"superheros",1
"trying",1
"mondaymotivation",1
"todays",1
"favouritefor",1
"months",1
"specially",1
"superheroes",1
"thismonths",1
"doctorstranges",1
"inside",1
"saytoppled",1
"seenfilms",1
"catching",1
"highly",1
"recommend",1
"watchedatlast",1
"thumps",1
"child",1
"images",1
"newragnarok",1
"sakaar",1
"age",1
"boldestmovie",1
"spectacular",1
